,StartBin,EndBin
"('chr1',)",0.0,1.0
"('chr1',)",2.0,5.0
"('chr1',)",6.0,54.0
"('chr1',)",55.0,98.0
"('chr1',)",99.0,129.0
"('chr1',)",130.0,204.0
"('chr1',)",205.0,224.0
"('chr1',)",225.0,239.0
"('chr1',)",240.0,325.0
"('chr1',)",326.0,339.0
"('chr1',)",340.0,417.0
"('chr2',)",0.0,23.0
"('chr2',)",24.0,46.0
"('chr2',)",47.0,55.0
"('chr2',)",56.0,197.0
"('chr2',)",198.0,198.0
"('chr2',)",199.0,243.0
"('chr2',)",244.0,288.0
"('chr2',)",289.0,430.0
"('chr2',)",431.0,435.0
"('chr2',)",436.0,444.0
"('chr2',)",445.0,452.0
"('chr3',)",0.0,93.0
"('chr3',)",94.0,106.0
"('chr3',)",107.0,149.0
"('chr3',)",150.0,174.0
"('chr3',)",175.0,184.0
"('chr3',)",185.0,190.0
"('chr3',)",191.0,212.0
"('chr3',)",213.0,235.0
"('chr3',)",236.0,243.0
"('chr3',)",244.0,338.0
"('chr3',)",339.0,343.0
"('chr4',)",0.0,15.0
"('chr4',)",16.0,51.0
"('chr4',)",52.0,96.0
"('chr4',)",97.0,109.0
"('chr4',)",110.0,133.0
"('chr4',)",134.0,163.0
"('chr4',)",164.0,167.0
"('chr4',)",168.0,183.0
"('chr4',)",184.0,221.0
"('chr4',)",222.0,280.0
"('chr4',)",281.0,361.0
"('chr5',)",0.0,2.0
"('chr5',)",3.0,31.0
"('chr5',)",32.0,121.0
"('chr5',)",122.0,133.0
"('chr5',)",134.0,192.0
"('chr5',)",193.0,193.0
"('chr5',)",194.0,242.0
"('chr5',)",243.0,263.0
"('chr5',)",264.0,276.0
"('chr5',)",277.0,329.0
"('chr5',)",330.0,337.0
"('chr6',)",0.0,50.0
"('chr6',)",51.0,59.0
"('chr6',)",60.0,66.0
"('chr6',)",67.0,87.0
"('chr6',)",88.0,111.0
"('chr6',)",112.0,113.0
"('chr6',)",114.0,158.0
"('chr6',)",159.0,201.0
"('chr6',)",202.0,246.0
"('chr6',)",247.0,320.0
"('chr6',)",321.0,328.0
"('chr7',)",0.0,5.0
"('chr7',)",6.0,38.0
"('chr7',)",39.0,105.0
"('chr7',)",106.0,106.0
"('chr7',)",107.0,116.0
"('chr7',)",117.0,119.0
"('chr7',)",120.0,162.0
"('chr7',)",163.0,167.0
"('chr7',)",168.0,195.0
"('chr7',)",196.0,254.0
"('chr7',)",255.0,273.0
"('chr8',)",0.0,26.0
"('chr8',)",27.0,35.0
"('chr8',)",36.0,39.0
"('chr8',)",40.0,78.0
"('chr8',)",79.0,81.0
"('chr8',)",82.0,136.0
"('chr8',)",137.0,197.0
"('chr8',)",198.0,219.0
"('chr8',)",220.0,268.0
"('chr8',)",269.0,273.0
"('chr8',)",274.0,276.0
"('chr9',)",0.0,4.0
"('chr9',)",5.0,12.0
"('chr9',)",13.0,24.0
"('chr9',)",25.0,27.0
"('chr9',)",28.0,28.0
"('chr9',)",29.0,29.0
"('chr9',)",30.0,31.0
"('chr9',)",32.0,59.0
"('chr9',)",60.0,60.0
"('chr9',)",61.0,178.0
"('chr9',)",179.0,195.0
"('chr10',)",0.0,49.0
"('chr10',)",50.0,52.0
"('chr10',)",53.0,70.0
"('chr10',)",71.0,72.0
"('chr10',)",73.0,115.0
"('chr10',)",116.0,128.0
"('chr10',)",129.0,178.0
"('chr10',)",179.0,182.0
"('chr10',)",183.0,203.0
"('chr10',)",204.0,237.0
"('chr10',)",238.0,241.0
"('chr11',)",0.0,2.0
"('chr11',)",3.0,86.0
"('chr11',)",87.0,91.0
"('chr11',)",92.0,101.0
"('chr11',)",102.0,122.0
"('chr11',)",123.0,134.0
"('chr11',)",135.0,138.0
"('chr11',)",139.0,139.0
"('chr11',)",140.0,192.0
"('chr11',)",193.0,207.0
"('chr11',)",208.0,245.0
"('chr12',)",0.0,62.0
"('chr12',)",63.0,63.0
"('chr12',)",64.0,81.0
"('chr12',)",82.0,101.0
"('chr12',)",102.0,136.0
"('chr12',)",137.0,201.0
"('chr12',)",202.0,209.0
"('chr12',)",210.0,224.0
"('chr12',)",225.0,234.0
"('chr12',)",235.0,246.0
"('chr12',)",247.0,250.0
"('chr13',)",0.0,7.0
"('chr13',)",8.0,10.0
"('chr13',)",11.0,65.0
"('chr13',)",66.0,103.0
"('chr13',)",104.0,124.0
"('chr13',)",125.0,141.0
"('chr13',)",142.0,143.0
"('chr13',)",144.0,161.0
"('chr13',)",162.0,180.0
"('chr13',)",181.0,184.0
"('chr13',)",185.0,186.0
"('chr14',)",0.0,8.0
"('chr14',)",9.0,61.0
"('chr14',)",62.0,77.0
"('chr14',)",78.0,105.0
"('chr14',)",106.0,115.0
"('chr14',)",116.0,138.0
"('chr14',)",139.0,147.0
"('chr14',)",148.0,157.0
"('chr14',)",158.0,163.0
"('chr14',)",164.0,168.0
"('chr14',)",169.0,171.0
"('chr15',)",0.0,0.0
"('chr15',)",1.0,8.0
"('chr15',)",9.0,10.0
"('chr15',)",11.0,24.0
"('chr15',)",25.0,33.0
"('chr15',)",34.0,68.0
"('chr15',)",69.0,89.0
"('chr15',)",90.0,99.0
"('chr15',)",100.0,114.0
"('chr15',)",115.0,119.0
"('chr15',)",120.0,140.0
"('chr16',)",0.0,4.0
"('chr16',)",5.0,10.0
"('chr16',)",11.0,40.0
"('chr16',)",41.0,42.0
"('chr16',)",43.0,61.0
"('chr16',)",62.0,68.0
"('chr16',)",69.0,83.0
"('chr16',)",84.0,92.0
"('chr16',)",93.0,115.0
"('chr16',)",116.0,122.0
"('chr16',)",123.0,124.0
"('chr17',)",0.0,6.0
"('chr17',)",7.0,15.0
"('chr17',)",16.0,29.0
"('chr17',)",30.0,42.0
"('chr17',)",43.0,51.0
"('chr17',)",52.0,74.0
"('chr17',)",75.0,88.0
"('chr17',)",89.0,105.0
"('chr17',)",106.0,106.0
"('chr17',)",107.0,117.0
"('chr17',)",118.0,133.0
"('chr18',)",0.0,6.0
"('chr18',)",7.0,19.0
"('chr18',)",20.0,20.0
"('chr18',)",21.0,21.0
"('chr18',)",22.0,50.0
"('chr18',)",51.0,79.0
"('chr18',)",80.0,80.0
"('chr18',)",81.0,107.0
"('chr18',)",108.0,122.0
"('chr18',)",123.0,123.0
"('chr18',)",124.0,124.0
"('chr19',)",0.0,16.0
"('chr19',)",17.0,22.0
"('chr19',)",23.0,26.0
"('chr19',)",27.0,36.0
"('chr19',)",37.0,45.0
"('chr19',)",46.0,70.0
"('chr19',)",71.0,76.0
"('chr19',)",77.0,79.0
"('chr19',)",80.0,83.0
"('chr19',)",84.0,87.0
"('chr19',)",88.0,89.0
"('chr20',)",0.0,11.0
"('chr20',)",12.0,36.0
"('chr20',)",37.0,46.0
"('chr20',)",47.0,47.0
"('chr20',)",48.0,49.0
"('chr20',)",50.0,62.0
"('chr20',)",63.0,74.0
"('chr20',)",75.0,87.0
"('chr20',)",88.0,89.0
"('chr20',)",90.0,111.0
"('chr20',)",112.0,115.0
"('chr21',)",0.0,14.0
"('chr21',)",15.0,34.0
"('chr21',)",35.0,35.0
"('chr21',)",36.0,38.0
"('chr21',)",39.0,42.0
"('chr21',)",43.0,43.0
"('chr21',)",44.0,45.0
"('chr21',)",46.0,48.0
"('chr21',)",49.0,52.0
"('chr21',)",53.0,55.0
"('chr21',)",56.0,63.0
"('chr22',)",0.0,4.0
"('chr22',)",5.0,8.0
"('chr22',)",9.0,12.0
"('chr22',)",13.0,23.0
"('chr22',)",24.0,27.0
"('chr22',)",28.0,31.0
"('chr22',)",32.0,36.0
"('chr22',)",37.0,38.0
"('chr22',)",39.0,50.0
"('chr22',)",51.0,56.0
"('chr22',)",57.0,57.0
